section,section_title,panel,qid,type,label,hint,options,field,required,when,why
project,Your project,main,build_stage,choice,"Build stage",,"@field",custbody_build_stage,N,,"Tells us when your heating system will be needed, so your design is ready in time."
project,Your project,main,goods_date,date,"When do you need the goods on site?","Your best guess is fine. Designs usually take 5–7 working days.",,note,N,,
project,Your project,main,design_contact,text,"Who should we talk to about the design, if not you?","Name, role and mobile, e.g. Dave, site manager, 07…",,custbody_des_cont_phone,N,,"If a builder or architect is handling the detail, we'll go to them first and keep you copied."
project,Your project,main,w3w,text,"what3words for the site (optional)","///word.word.word",,note,N,,
plans,Your plans,main,plans_current,yesno,"We designed your quote from the plans you sent us. Are they still the current ones?","Yes = nothing has changed since the quote. No = upload the newer revision below.",,state,Y,,"Plans change between quote and build. We design from the newest revision we hold, so a wall moved or a kitchen island added after the quote won't be on our drawings unless you send the new version. Not sure which revision we have? Say so in Anything else and we'll check with you."
plans,Your plans,main,plans_files,files,"New or extra plans","PDF, DWG, photos or ZIP, up to 10 MB each.",,note,N,,
plans,Your plans,main,bigfiles,yesno,"I have files bigger than 10 MB","Don't worry: tick this and your Project Engineer will send you a secure file request so you can send them directly.",,state,N,,
plans,Your plans,main,ceilings,long,"Ceiling heights","If your plans include sections, say so. Otherwise: assume 2.4 m, and list any rooms that differ, e.g. kitchen-diner vaulted to 4.2 m.",,custbody_sections_ceiling_heights_2026,N,,"A good set of plans includes sections showing ceiling heights. Without them we need the height of every room and any vaulted areas, because the room volume sets its heat requirement."
plans,Your plans,main,windows,long,"Windows and external doors","If your plans include elevations, say so. Otherwise: standard windows are about 1.2 m tall; tell us about bifolds, picture windows or lots of glazing.",,custbody_elevations_window_sizes_2026,N,,"Elevations show windows and doors to scale. With only floor plans we have the widths but not the heights, and glazing is where most heat is lost."
plans,Your plans,main,layouts_files,files,"Kitchen, utility and bathroom layouts (optional)",,,note,N,,"We keep pipe out from under fitted units, islands, baths, showers and staircases. A kitchen or bathroom drawing, even a sketch, stops us heating under your island."
plans,Your plans,main,unheated,long,"Anywhere we shouldn't heat?","e.g. under the kitchen island and the bath. Garage and plant room unheated. Open staircase.",,custbody_unheated_areas,N,,"Fixed units, islands, baths and stairs are left unheated; tell us which rooms are out altogether."
insulation,How well insulated is it?,main,ins_choice,choice,"Pick whichever is easiest",,"Upload the SAP calculation|Use my EPC|Describe it|New build: use the standard minimums",custbody_pq_cylinder_location,Y,"service=ufh_plus,hp","Your design service includes a heat loss calculation for every room, which sizes the heat pump and the pipe. For that we need a U-value for the walls, windows, roof and floor. A SAP calculation or an EPC already contains them; otherwise a rough description is enough, and for a new build we can use the Building Regulations minimums (walls 0.3, windows 1.8, roof 0.18, 70 mm floor insulation)."
insulation,How well insulated is it?,main,ins_files,files,"SAP calculation or EPC","The full SAP calculation, not just the summary page.",,note,N,"service=ufh_plus,hp",
insulation,How well insulated is it?,main,year,text,"Age of the property, or year built","A mix of ages (an extension on an old house)? Say which rooms are which.",,custbody15,Y,"service=ufh_plus,hp",
insulation,How well insulated is it?,describe,walls_new,long,"Walls","Construction and insulation thickness.",,custbody_new_walls_2026,N,"service=ufh_plus,hp;newbuild=yes",
insulation,How well insulated is it?,describe,windows_new,long,"Windows","Double or triple glazed, frame type.",,custbody_new_windows_2026,N,"service=ufh_plus,hp;newbuild=yes",
insulation,How well insulated is it?,describe,roof_new,long,"Roof","Insulation thickness.",,custbody_new_roofs_2026,N,"service=ufh_plus,hp;newbuild=yes",
insulation,How well insulated is it?,describe,floors_new,long,"Floors","Concrete, timber or beam and block; insulation thickness.",,custbody_new_floors_2026,N,"service=ufh_plus,hp;newbuild=yes",
insulation,How well insulated is it?,describe,walls_ex,long,"Walls","Age, thickness, brick/stone/timber/cob, cavity filled?",,custbody_existing_walls_2026,N,"service=ufh_plus,hp;newbuild=no","For an existing house we work out each U-value from what the element is made of and how old it is."
insulation,How well insulated is it?,describe,windows_ex,long,"Windows","Age, single/double/triple glazed, wood/metal/uPVC.",,custbody_existing_windows_2026,N,"service=ufh_plus,hp;newbuild=no",
insulation,How well insulated is it?,describe,roof_ex,long,"Roof","Age and insulation thickness.",,custbody_existing_roofs_2026,N,"service=ufh_plus,hp;newbuild=no",
insulation,How well insulated is it?,describe,floors_ex,long,"Floors","Age, concrete/timber/beam and block, insulation if any.",,custbody_existing_floors_2026,N,"service=ufh_plus,hp;newbuild=no",
heating,Heating and controls,manifolds,manifolds,long,"Where would you like the manifold(s)?","e.g. utility room cupboard, and the airing cupboard upstairs. Or: marked on the plans.",,custbody_manifold_locations_2026,Y,"fc=solid,joisted,overfloor,acoustic,unknown","Each manifold feeds the pipe loops around it, so its position sets how the loops are laid out and how far the pipe runs. A cupboard near the middle of the floor it serves is ideal."
heating,Heating and controls,heat,heat_boiler,long,"Your boiler: type and where it is","Combi, system or regular boiler, and the room it's in.",,note,Y,"heat=boiler;fc=solid,joisted,overfloor,acoustic,unknown","The boiler type decides how we connect the underfloor heating and whether a cylinder is involved."
heating,Heating and controls,heat,heat_user_hp,long,"Your heat pump: make, model and where it will go",,,note,Y,"heat=user_hp;fc=solid,joisted,overfloor,acoustic,unknown","We design the underfloor heating to suit the heat pump's flow temperature, so we need to know which one it is."
heating,Heating and controls,heat,heat_other,long,"Your heat source and where it is",,,note,Y,"heat=other;fc=solid,joisted,overfloor,acoustic,unknown",
heating,Heating and controls,heat,cylinder,long,"Hot water cylinder, if there is one","e.g. airing cupboard upstairs. Or: none, combi boiler.",,custbody_cylinder_location_2026,N,"heat=boiler,user_hp,other;fc=solid,joisted,overfloor,acoustic,unknown",
heating,Heating and controls,floor_solid,screed,long,"Screed floors: liquid or hand-mixed, and the depth","Also say which floors or rooms are screed.",,note,Y,"fc=solid","Liquid screed flows round the pipe and can be thinner; hand-mixed needs more depth over the pipe. The depth sets how quickly the floor warms up."
heating,Heating and controls,floor_joisted,joists,long,"Joisted floors: joist type, direction and spacing, and any steels","Say which floors or rooms. Joist type: Posi, TJI/I-joist, Eco or traditional timber. If the joist layout is on your plans, just say so. Steels: where they are and whether there's a 25 mm gap above or below them.",,custbody24,Y,"fc=joisted","We draw the pipe between the joists, so we need their direction and spacing in each room. Engineered joists (Eco, TJI, Posi) let the pipe cross anywhere. Traditional timber joists have to be notched or battened, which limits where it can cross. Steels need a 25 mm gap for the pipe to pass, or they must be drilled, which your structural engineer has to agree."
heating,Heating and controls,floor_joisted,joist_files,files,"Joist layout drawing (if you have one)",,,note,N,"fc=joisted",
heating,Heating and controls,floor_overfloor,overfloor,long,"Over-floor areas (LoPro®): what is the subfloor, and how level is it?","Say which floors or rooms. Concrete or timber; e.g. new slab, level. Or: old floor, falls about 20 mm across the room.",,note,Y,"fc=overfloor","LoPro®Max goes on top of a structural subfloor and doesn't need to be perfectly level, because the self-levelling compound over the pipe corrects up to 30 mm in one pour. LoPro®10 needs a flat, level subfloor, which may need repairing first."
heating,Heating and controls,floor_acoustic,acoustic,long,"Acoustic floors: describe the floor build-up","Say which floors or rooms.",,note,Y,"fc=acoustic","Acoustic floors have extra layers; we need the build-up to place the pipe correctly."
heating,Heating and controls,floor_unknown,fc_unknown,choice,"Which floor construction are you having?","We'll confirm this with you.","In floor, solid (screed)|In floor, joisted|Over-floor (LoPro®)|Acoustic|Not sure",note,Y,"fc=unknown",
heating,Heating and controls,general,coverings,long,"Floor coverings, room by room","e.g. tiles in kitchen and bathrooms, engineered wood in living room, carpet in bedrooms.",,custbody17,Y,"service=ufh_plus,hp;fc=solid,joisted,overfloor,acoustic,unknown","Carpet and thick wood slow the heat getting through, so the pipe spacing and flow temperature change with the covering."
heating,Heating and controls,general,through_walls,yesno,"Can pipes run through internal walls if needed?",,,custbody28,N,"fc=solid,joisted,overfloor,acoustic,unknown","Sometimes the shortest route to a room is through a wall rather than round it."
heatpump,Your heat pump,main,hp_location,long,"Where will the heat pump go?","e.g. north gable wall by the utility room, 2.5 m from the fence. Or: marked on my plans.",,custbody25,Y,"heat=nuheat_hp","An air source heat pump must be more than 1 m from the boundary to count as permitted development (3 m in Wales). Closer than that needs a planning application. It also needs clear airflow around it."
heatpump,Your heat pump,main,hp_buffer,long,"Cylinder, buffer tank and expansion vessels: where will they go?","e.g. plant room off the utility, 1.2 m × 2 m, 2.4 m high.",,custbody_buffer_tank_location_2026,Y,"heat=nuheat_hp","We check your quoted cylinder and buffer actually fit the space (a cylinder up to 300 l can sit on a square 100 l buffer). There can be up to three expansion vessels."
heatpump,Your heat pump,main,hp_cylinder,long,"Hot water cylinder location","If different from the above.",,custbody_cylinder_location_2026,N,"heat=nuheat_hp",
heatpump,Your heat pump,main,dhw,text,"Bedrooms","We size hot water for bedrooms + 1 people unless you tell us otherwise.",,custbody_domestic_hot_water_2026,Y,"heat=nuheat_hp",
heatpump,Your heat pump,mcs,mcs_reflect,choice,"How many hard surfaces are within 1 m of the heat pump? The ground always counts as one.",,"Two: the ground and the wall it's fixed to|Three: in a corner, or wall plus fence|Four or more: an alcove or enclosure",custbody37,Y,"heat=nuheat_hp","The MCS 020 noise assessment counts hard surfaces within 1 m that reflect sound. More than three fails the assessment."
heatpump,Your heat pump,mcs,mcs_barrier,choice,"What is next to the heat pump?",,"Open wall only|Wall and a fence|Corner of two walls|Alcove or enclosure",custbody35,N,"heat=nuheat_hp",
heatpump,Your heat pump,mcs,mcs_vis,choice,"Your nearest neighbour's window or door",,"None nearby, open land|In direct view of the unit|Round a corner, not in view",custbody36,Y,"heat=nuheat_hp","We work out the sound level at your nearest neighbour's window or door, the assessment position. Whether the unit is in direct view from there changes the result."
heatpump,Your heat pump,mcs,mcs_distance,text,"Roughly how far from the heat pump, in metres?","To the middle of their nearest window or door. Pacing it out is fine.",,custbody29,Y,"heat=nuheat_hp",
heatpump,Your heat pump,mcs,mcs_position,long,"Describe that spot","e.g. the kitchen window of number 6, across the side passage.",,note,N,"heat=nuheat_hp",
heatpump,Your heat pump,main,rad_area,long,"Rooms heated by radiators from the heat pump, not underfloor heating","So they go in the heat loss calculation.",,custbody23,N,"heat=nuheat_hp",
heatpump,Your heat pump,main,ground_loop,long,"Ground source only: ground collector area or borehole","Your quote states the area and pipe length allowed for; tell us where it will go, or mark up a site plan.",,custbody19,N,"heat=nuheat_hp",
heatpump,Your heat pump,main,hp_files,files,"Marked-up plans for the heat pump or ground collector (optional)",,,note,N,"heat=nuheat_hp",
other,Anything else for your Project Engineer?,main,other,long,"Anything else","Anything unusual: a warmer design temperature in one room, zoning you'd like, access, or something you'd like changed on the quote.",,note,N,,
